S/N,Video URL,Video ID,image_name,Type of Food,Country ,Time Stamp (Minutes),Video Unique Count,Length of the Video
1,https://www.youtube.com/watch?v=ZMj6_gBYDYs,ZMj6_gBYDYs,ekwang-cm-001.jpg,Ekwang,Cameroon,0:50,1,8:01
2,https://www.youtube.com/watch?v=ZMj6_gBYDYs,ZMj6_gBYDYs,ekwang-cm-002.jpg,Ekwang,Cameroon,0:50,1,8:01
3,https://www.youtube.com/watch?v=ZMj6_gBYDYs,ZMj6_gBYDYs,ekwang-cm-003.jpg,Ekwang,Cameroon,0:52,1,8:01
4,https://www.youtube.com/watch?v=ZMj6_gBYDYs,ZMj6_gBYDYs,ekwang-cm-004.jpg,Ekwang,Cameroon,5:13,1,8:01
5,https://www.youtube.com/watch?v=ZMj6_gBYDYs,ZMj6_gBYDYs,ekwang-cm-005.jpg,Ekwang,Cameroon,5:26,1,8:01
6,https://www.youtube.com/watch?v=ZMj6_gBYDYs,ZMj6_gBYDYs,ekwang-cm-006.jpg,Ekwang,Cameroon,5:46,1,8:01
7,https://www.youtube.com/watch?v=ZMj6_gBYDYs,ZMj6_gBYDYs,ekwang-cm-007.jpg,Ekwang,Cameroon,5:51,1,8:01
8,https://www.youtube.com/watch?v=ZMj6_gBYDYs,ZMj6_gBYDYs,ekwang-cm-008.jpg,Ekwang,Cameroon,6:01,1,8:01
9,https://www.youtube.com/watch?v=ELcX3HfqOG4,ELcX3HfqOG4,ekwang-cm-009.jpg,Ekwang,Cameroon,0:04,2,9:37
10,https://www.youtube.com/watch?v=ELcX3HfqOG4,ELcX3HfqOG4,ekwang-cm-010.jpg,Ekwang,Cameroon,0:12,2,9:37
11,https://www.youtube.com/watch?v=ELcX3HfqOG4,ELcX3HfqOG4,ekwang-cm-011.jpg,Ekwang,Cameroon,8:20,2,9:37
12,https://www.youtube.com/watch?v=ELcX3HfqOG4,ELcX3HfqOG4,ekwang-cm-012.jpg,Ekwang,Cameroon,8:57,2,9:37
13,https://www.youtube.com/watch?v=ELcX3HfqOG4,ELcX3HfqOG4,ekwang-cm-013.jpg,Ekwang,Cameroon,9:08,2,9:37
14,https://www.youtube.com/watch?v=ELcX3HfqOG4,ELcX3HfqOG4,ekwang-cm-014.jpg,Ekwang,Cameroon,9:30,2,9:37
15,https://www.youtube.com/watch?v=ELcX3HfqOG4,ELcX3HfqOG4,ekwang-cm-015.jpg,Ekwang,Cameroon,9:36,2,9:37
16,https://www.youtube.com/watch?v=vSa1NdEdb0s,vSa1NdEdb0s,ekwang-cm-016.jpg,Ekwang,Cameroon,0:00,3,11:06
17,https://www.youtube.com/watch?v=vSa1NdEdb0s,vSa1NdEdb0s,ekwang-cm-017.jpg,Ekwang,Cameroon,0:03,3,11:06
18,https://www.youtube.com/watch?v=vSa1NdEdb0s,vSa1NdEdb0s,ekwang-cm-018.jpg,Ekwang,Cameroon,0:04,3,11:06
19,https://www.youtube.com/watch?v=vSa1NdEdb0s,vSa1NdEdb0s,ekwang-cm-019.jpg,Ekwang,Cameroon,0:07,3,11:06
20,https://www.youtube.com/watch?v=vSa1NdEdb0s,vSa1NdEdb0s,ekwang-cm-020.jpg,Ekwang,Cameroon,0:08,3,11:06
21,https://www.youtube.com/watch?v=vSa1NdEdb0s,vSa1NdEdb0s,ekwang-cm-021.jpg,Ekwang,Cameroon,9:54,3,11:06
22,https://www.youtube.com/watch?v=vSa1NdEdb0s,vSa1NdEdb0s,ekwang-cm-022.jpg,Ekwang,Cameroon,9:55,3,11:06
23,https://www.youtube.com/watch?v=vSa1NdEdb0s,vSa1NdEdb0s,ekwang-cm-023.jpg,Ekwang,Cameroon,10:03,3,11:06
24,https://www.youtube.com/watch?v=vSa1NdEdb0s,vSa1NdEdb0s,ekwang-cm-024.jpg,Ekwang,Cameroon,10:06,3,11:06
25,https://www.youtube.com/watch?v=vSa1NdEdb0s,vSa1NdEdb0s,ekwang-cm-025.jpg,Ekwang,Cameroon,10:18,3,11:06
26,https://www.youtube.com/watch?v=vSa1NdEdb0s,vSa1NdEdb0s,ekwang-cm-026.jpg,Ekwang,Cameroon,10:36,3,11:06
27,https://www.youtube.com/watch?v=vSa1NdEdb0s,vSa1NdEdb0s,ekwang-cm-027.jpg,Ekwang,Cameroon,10:37,3,11:06
28,https://www.youtube.com/watch?v=vSa1NdEdb0s,vSa1NdEdb0s,ekwang-cm-028.jpg,Ekwang,Cameroon,10:38,3,11:06
29,https://www.youtube.com/watch?v=vSa1NdEdb0s,vSa1NdEdb0s,ekwang-cm-029.jpg,Ekwang,Cameroon,10:40,3,11:06
30,https://www.youtube.com/watch?v=vSa1NdEdb0s,vSa1NdEdb0s,ekwang-cm-030.jpg,Ekwang,Cameroon,10:44,3,11:06
31,https://www.youtube.com/watch?v=vSa1NdEdb0s,vSa1NdEdb0s,ekwang-cm-031.jpg,Ekwang,Cameroon,10:46,3,11:06
32,https://www.youtube.com/watch?v=vSa1NdEdb0s,vSa1NdEdb0s,ekwang-cm-032.jpg,Ekwang,Cameroon,10:47,3,11:06
33,https://www.youtube.com/watch?v=vSa1NdEdb0s,vSa1NdEdb0s,ekwang-cm-033.jpg,Ekwang,Cameroon,10:48,3,11:06
34,https://www.youtube.com/watch?v=vSa1NdEdb0s,vSa1NdEdb0s,ekwang-cm-034.jpg,Ekwang,Cameroon,10:49,3,11:06
35,https://www.youtube.com/watch?v=vSa1NdEdb0s,vSa1NdEdb0s,ekwang-cm-035.jpg,Ekwang,Cameroon,10:51,3,11:06
36,https://www.youtube.com/watch?v=vSa1NdEdb0s,vSa1NdEdb0s,ekwang-cm-036.jpg,Ekwang,Cameroon,10:52,3,11:06
37,https://www.youtube.com/watch?v=vSa1NdEdb0s,vSa1NdEdb0s,ekwang-cm-037.jpg,Ekwang,Cameroon,10:55,3,11:06
38,https://www.youtube.com/watch?v=vSa1NdEdb0s,vSa1NdEdb0s,ekwang-cm-038.jpg,Ekwang,Cameroon,10:57,3,11:06
39,https://www.youtube.com/watch?v=vSa1NdEdb0s,vSa1NdEdb0s,ekwang-cm-039.jpg,Ekwang,Cameroon,10:58,3,11:06
40,https://www.youtube.com/watch?v=Jiag_kWx1wo,Jiag_kWx1wo,ekwang-cm-040.jpg,Ekwang,Cameroon,14:05,4,14:05
41,https://www.youtube.com/watch?v=Jiag_kWx1wo,Jiag_kWx1wo,ekwang-cm-041.jpg,Ekwang,Cameroon,13:12,4,14:05
42,https://www.youtube.com/watch?v=Jiag_kWx1wo,Jiag_kWx1wo,ekwang-cm-042.jpg,Ekwang,Cameroon,13:14,4,14:05
43,https://www.youtube.com/watch?v=Jiag_kWx1wo,Jiag_kWx1wo,ekwang-cm-043.jpg,Ekwang,Cameroon,13:17,4,14:05
44,https://www.youtube.com/watch?v=Jiag_kWx1wo,Jiag_kWx1wo,ekwang-cm-0443.jpg,Ekwang,Cameroon,13:19,4,14:05
45,https://www.youtube.com/watch?v=Jiag_kWx1wo,Jiag_kWx1wo,ekwang-cm-045.jpg,Ekwang,Cameroon,13:20,4,14:05
46,https://www.youtube.com/watch?v=Jiag_kWx1wo,Jiag_kWx1wo,ekwang-cm-046.jpg,Ekwang,Cameroon,13:21,4,14:05
47,https://www.youtube.com/watch?v=Jiag_kWx1wo,Jiag_kWx1wo,ekwang-cm-047.jpg,Ekwang,Cameroon,13:25,4,14:05
48,https://www.youtube.com/watch?v=Jiag_kWx1wo,Jiag_kWx1wo,ekwang-cm-048.jpg,Ekwang,Cameroon,13:28,4,14:05
49,https://www.youtube.com/watch?v=Jiag_kWx1wo,Jiag_kWx1wo,ekwang-cm-049.jpg,Ekwang,Cameroon,13:31,4,14:05
50,https://www.youtube.com/watch?v=Jiag_kWx1wo,Jiag_kWx1wo,ekwang-cm-050.jpg,Ekwang,Cameroon,13:39,4,14:05
51,https://www.youtube.com/watch?v=Jiag_kWx1wo,Jiag_kWx1wo,ekwang-cm-051.jpg,Ekwang,Cameroon,13:52,4,14:05
52,https://www.youtube.com/watch?v=pWS-BwJFYdU,pWS-BwJFYdU,ekwang-cm-052.jpg,Ekwang,Cameroon,0:00,5,8:04
53,https://www.youtube.com/watch?v=pWS-BwJFYdU,pWS-BwJFYdU,ekwang-cm-053.jpg,Ekwang,Cameroon,6:49,5,8:04
54,https://www.youtube.com/watch?v=pWS-BwJFYdU,pWS-BwJFYdU,ekwang-cm-054.jpg,Ekwang,Cameroon,6:50,5,8:04
55,https://www.youtube.com/watch?v=pWS-BwJFYdU,pWS-BwJFYdU,ekwang-cm-055.jpg,Ekwang,Cameroon,6:51,5,8:04
56,https://www.youtube.com/watch?v=pWS-BwJFYdU,pWS-BwJFYdU,ekwang-cm-056.jpg,Ekwang,Cameroon,6:53,5,8:04
57,https://www.youtube.com/watch?v=pWS-BwJFYdU,pWS-BwJFYdU,ekwang-cm-057.jpg,Ekwang,Cameroon,6:55,5,8:04
58,https://www.youtube.com/watch?v=pWS-BwJFYdU,pWS-BwJFYdU,ekwang-cm-058.jpg,Ekwang,Cameroon,7:26,5,8:04
59,https://www.youtube.com/watch?v=pWS-BwJFYdU,pWS-BwJFYdU,ekwang-cm-059.jpg,Ekwang,Cameroon,7:50,5,8:04
60,https://www.youtube.com/watch?v=pWS-BwJFYdU,pWS-BwJFYdU,ekwang-cm-060.jpg,Ekwang,Cameroon,7:56,5,8:04
61,https://www.youtube.com/watch?v=pWS-BwJFYdU,pWS-BwJFYdU,ekwang-cm-061.jpg,Ekwang,Cameroon,8:04,5,8:04
62,https://www.youtube.com/watch?v=DuLmUcm_Swc,DuLmUcm_Swc,ekwang-cm-062.jpg,Ekwang,Cameroon,8:04,5,8:04
63,https://www.youtube.com/watch?v=DuLmUcm_Swc,DuLmUcm_Swc,ekwang-cm-063.jpg,Ekwang,Cameroon,13:14,6,13:59
64,https://www.youtube.com/watch?v=DuLmUcm_Swc,DuLmUcm_Swc,ekwang-cm-064.jpg,Ekwang,Cameroon,13:43,6,13:59
65,https://www.youtube.com/watch?v=DuLmUcm_Swc,DuLmUcm_Swc,ekwang-cm-065.jpg,Ekwang,Cameroon,13:45,6,13:59
66,https://www.youtube.com/watch?v=DuLmUcm_Swc,DuLmUcm_Swc,ekwang-cm-066.jpg,Ekwang,Cameroon,13:47,6,13:59
67,https://www.youtube.com/watch?v=DuLmUcm_Swc,DuLmUcm_Swc,ekwang-cm-067.jpg,Ekwang,Cameroon,13:49,6,13:59
68,https://www.youtube.com/watch?v=DuLmUcm_Swc,DuLmUcm_Swc,ekwang-cm-068.jpg,Ekwang,Cameroon,13:55,6,13:59
69,https://www.youtube.com/watch?v=KI35GCFyXZE,KI35GCFyXZE,ekwang-cm-069.jpg,Ekwang,Cameroon,4:27,7,6:34
70,https://www.youtube.com/watch?v=KI35GCFyXZE,KI35GCFyXZE,ekwang-cm-070.jpg,Ekwang,Cameroon,4:30,7,6:34
71,https://www.youtube.com/watch?v=KI35GCFyXZE,KI35GCFyXZE,ekwang-cm-071.jpg,Ekwang,Cameroon,4:36,7,6:34
72,https://www.youtube.com/watch?v=KI35GCFyXZE,KI35GCFyXZE,ekwang-cm-072.jpg,Ekwang,Cameroon,4:38,7,6:34
73,https://www.youtube.com/watch?v=KI35GCFyXZE,KI35GCFyXZE,ekwang-cm-073.jpg,Ekwang,Cameroon,6:30,7,6:34
74,https://www.youtube.com/watch?v=KI35GCFyXZE,KI35GCFyXZE,ekwang-cm-076.jpg,Ekwang,Cameroon,6:30,7,6:34
75,https://www.youtube.com/watch?v=Q7LxJ6e7OVw,Q7LxJ6e7OVw,ekwang-cm-074.jpg,Ekwang,Cameroon,0:00,8,5:53
76,https://www.youtube.com/watch?v=Q7LxJ6e7OVw,Q7LxJ6e7OVw,ekwang-cm-075.jpg,Ekwang,Cameroon,5:42,8,5:53
77,https://www.youtube.com/watch?v=5CPcrcQ3Fb4,5CPcrcQ3Fb4,ekwang-cm-077.jpg,Ekwang,Cameroon,0:18,9,12:35
78,https://www.youtube.com/watch?v=5CPcrcQ3Fb4,5CPcrcQ3Fb4,ekwang-cm-078.jpg,Ekwang,Cameroon,0:24,9,12:35
79,https://www.youtube.com/watch?v=5CPcrcQ3Fb4,5CPcrcQ3Fb4,ekwang-cm-079.jpg,Ekwang,Cameroon,0:24,9,12:35
80,https://www.youtube.com/watch?v=5CPcrcQ3Fb4,5CPcrcQ3Fb4,ekwang-cm-080.jpg,Ekwang,Cameroon,0:27,9,12:35
81,https://www.youtube.com/watch?v=5CPcrcQ3Fb4,5CPcrcQ3Fb4,ekwang-cm-081.jpg,Ekwang,Cameroon,0:31,9,12:35
82,https://www.youtube.com/watch?v=5CPcrcQ3Fb4,5CPcrcQ3Fb4,ekwang-cm-082.jpg,Ekwang,Cameroon,0:33,9,12:35
83,https://www.youtube.com/watch?v=5CPcrcQ3Fb4,5CPcrcQ3Fb4,ekwang-cm-083.jpg,Ekwang,Cameroon,0:36,9,12:35
84,https://www.youtube.com/watch?v=5CPcrcQ3Fb4,5CPcrcQ3Fb4,ekwang-cm-084.jpg,Ekwang,Cameroon,0:38,9,12:35
85,https://www.youtube.com/watch?v=5CPcrcQ3Fb4,5CPcrcQ3Fb4,ekwang-cm-085.jpg,Ekwang,Cameroon,0:39,9,12:35
86,https://www.youtube.com/watch?v=5CPcrcQ3Fb4,5CPcrcQ3Fb4,ekwang-cm-086.jpg,Ekwang,Cameroon,0:40,9,12:35
87,https://www.youtube.com/watch?v=5CPcrcQ3Fb4,5CPcrcQ3Fb4,ekwang-cm-087.jpg,Ekwang,Cameroon,10:10,9,12:35
88,https://www.youtube.com/watch?v=5CPcrcQ3Fb4,5CPcrcQ3Fb4,ekwang-cm-088.jpg,Ekwang,Cameroon,10:12,9,12:35
89,https://www.youtube.com/watch?v=5CPcrcQ3Fb4,5CPcrcQ3Fb4,ekwang-cm-089.jpg,Ekwang,Cameroon,10:14,9,12:35
90,https://www.youtube.com/watch?v=5CPcrcQ3Fb4,5CPcrcQ3Fb4,ekwang-cm-090.jpg,Ekwang,Cameroon,10:17,9,12:35
91,https://www.youtube.com/watch?v=5CPcrcQ3Fb4,5CPcrcQ3Fb4,ekwang-cm-091.jpg,Ekwang,Cameroon,10:19,9,12:35
92,https://www.youtube.com/watch?v=5CPcrcQ3Fb4,5CPcrcQ3Fb4,ekwang-cm-092.jpg,Ekwang,Cameroon,10:24,9,12:35
93,https://www.youtube.com/watch?v=5CPcrcQ3Fb4,5CPcrcQ3Fb4,ekwang-cm-093.jpg,Ekwang,Cameroon,10:28,9,12:35
94,https://www.youtube.com/watch?v=5CPcrcQ3Fb4,5CPcrcQ3Fb4,ekwang-cm-094.jpg,Ekwang,Cameroon,10:31,9,12:35
95,https://www.youtube.com/watch?v=5CPcrcQ3Fb4,5CPcrcQ3Fb4,ekwang-cm-095.jpg,Ekwang,Cameroon,10:32,9,12:35
96,https://www.youtube.com/watch?v=5CPcrcQ3Fb4,5CPcrcQ3Fb4,ekwang-cm-096.jpg,Ekwang,Cameroon,10:34,9,12:35
97,https://www.youtube.com/watch?v=5CPcrcQ3Fb4,5CPcrcQ3Fb4,ekwang-cm-097.jpg,Ekwang,Cameroon,10:35,9,12:35
98,https://www.youtube.com/watch?v=5CPcrcQ3Fb4,5CPcrcQ3Fb4,ekwang-cm-098.jpg,Ekwang,Cameroon,10:38,9,12:35
99,https://www.youtube.com/watch?v=5CPcrcQ3Fb4,5CPcrcQ3Fb4,ekwang-cm-099.jpg,Ekwang,Cameroon,10:41,9,12:35
100,https://www.youtube.com/watch?v=5CPcrcQ3Fb4,5CPcrcQ3Fb4,ekwang-cm-100.jpg,Ekwang,Cameroon,10:45,9,12:35
101,https://www.youtube.com/watch?v=5CPcrcQ3Fb4,5CPcrcQ3Fb4,ekwang-cm-101.jpg,Ekwang,Cameroon,10:47,9,12:35
102,https://www.youtube.com/watch?v=5CPcrcQ3Fb4,5CPcrcQ3Fb4,ekwang-cm-102.jpg,Ekwang,Cameroon,10:50,9,12:35
103,https://www.youtube.com/watch?v=5CPcrcQ3Fb4,5CPcrcQ3Fb4,ekwang-cm-103.jpg,Ekwang,Cameroon,10:53,9,12:35
104,https://www.youtube.com/watch?v=5CPcrcQ3Fb4,5CPcrcQ3Fb4,ekwang-cm-104.jpg,Ekwang,Cameroon,10:54,9,12:35
105,https://www.youtube.com/watch?v=5CPcrcQ3Fb4,5CPcrcQ3Fb4,ekwang-cm-105.jpg,Ekwang,Cameroon,10:56,9,12:35
106,https://www.youtube.com/watch?v=5CPcrcQ3Fb4,5CPcrcQ3Fb4,ekwang-cm-106.jpg,Ekwang,Cameroon,10:59,9,12:35
107,https://www.youtube.com/watch?v=5CPcrcQ3Fb4,5CPcrcQ3Fb4,ekwang-cm-107.jpg,Ekwang,Cameroon,11:01,9,12:35
108,https://www.youtube.com/watch?v=5CPcrcQ3Fb4,5CPcrcQ3Fb4,ekwang-cm-108.jpg,Ekwang,Cameroon,11:03,9,12:35
109,https://www.youtube.com/watch?v=5CPcrcQ3Fb4,5CPcrcQ3Fb4,ekwang-cm-109.jpg,Ekwang,Cameroon,11:05,9,12:35
110,https://www.youtube.com/watch?v=5CPcrcQ3Fb4,5CPcrcQ3Fb4,ekwang-cm-110.jpg,Ekwang,Cameroon,11:06,9,12:35
111,https://www.youtube.com/watch?v=5CPcrcQ3Fb4,5CPcrcQ3Fb4,ekwang-cm-111.jpg,Ekwang,Cameroon,11:08,9,12:35
112,https://www.youtube.com/watch?v=5CPcrcQ3Fb4,5CPcrcQ3Fb4,ekwang-cm-112.jpg,Ekwang,Cameroon,11:09,9,12:35
113,https://www.youtube.com/watch?v=5CPcrcQ3Fb4,5CPcrcQ3Fb4,ekwang-cm-113.jpg,Ekwang,Cameroon,11:11,9,12:35
114,https://www.youtube.com/watch?v=5CPcrcQ3Fb4,5CPcrcQ3Fb4,ekwang-cm-114.jpg,Ekwang,Cameroon,11:13,9,12:35
115,https://www.youtube.com/watch?v=5CPcrcQ3Fb4,5CPcrcQ3Fb4,ekwang-cm-115.jpg,Ekwang,Cameroon,11:15,9,12:35
116,https://www.youtube.com/watch?v=5CPcrcQ3Fb4,5CPcrcQ3Fb4,ekwang-cm-116.jpg,Ekwang,Cameroon,11:20,9,12:35
117,https://www.youtube.com/watch?v=5CPcrcQ3Fb4,5CPcrcQ3Fb4,ekwang-cm-117.jpg,Ekwang,Cameroon,11:21,9,12:35
118,https://www.youtube.com/watch?v=5CPcrcQ3Fb4,5CPcrcQ3Fb4,ekwang-cm-118.jpg,Ekwang,Cameroon,11:22,9,12:35
119,https://www.youtube.com/watch?v=5CPcrcQ3Fb4,5CPcrcQ3Fb4,ekwang-cm-119.jpg,Ekwang,Cameroon,11:25,9,12:35
120,https://www.youtube.com/watch?v=5CPcrcQ3Fb4,5CPcrcQ3Fb4,ekwang-cm-120.jpg,Ekwang,Cameroon,11:26,9,12:35
121,https://www.youtube.com/watch?v=5CPcrcQ3Fb4,5CPcrcQ3Fb4,ekwang-cm-121.jpg,Ekwang,Cameroon,11:28,9,12:35
122,https://www.youtube.com/watch?v=5CPcrcQ3Fb4,5CPcrcQ3Fb4,ekwang-cm-122.jpg,Ekwang,Cameroon,11:35,9,12:35
123,https://www.youtube.com/watch?v=5CPcrcQ3Fb4,5CPcrcQ3Fb4,ekwang-cm-123.jpg,Ekwang,Cameroon,11:48,9,12:35
124,https://www.youtube.com/watch?v=5CPcrcQ3Fb4,5CPcrcQ3Fb4,ekwang-cm-124.jpg,Ekwang,Cameroon,11:49,9,12:35
125,https://www.youtube.com/watch?v=5CPcrcQ3Fb4,5CPcrcQ3Fb4,ekwang-cm-125.jpg,Ekwang,Cameroon,11:50,9,12:35
126,https://www.youtube.com/watch?v=5CPcrcQ3Fb4,5CPcrcQ3Fb4,ekwang-cm-126.jpg,Ekwang,Cameroon,11:52,9,12:35
127,https://www.youtube.com/watch?v=5CPcrcQ3Fb4,5CPcrcQ3Fb4,ekwang-cm-127.jpg,Ekwang,Cameroon,11:53,9,12:35
128,https://www.youtube.com/watch?v=5CPcrcQ3Fb4,5CPcrcQ3Fb4,ekwang-cm-128.jpg,Ekwang,Cameroon,11:55,9,12:35
129,https://www.youtube.com/watch?v=5CPcrcQ3Fb4,5CPcrcQ3Fb4,ekwang-cm-129.jpg,Ekwang,Cameroon,11:56,9,12:35
130,https://www.youtube.com/watch?v=5CPcrcQ3Fb4,5CPcrcQ3Fb4,ekwang-cm-130.jpg,Ekwang,Cameroon,11:57,9,12:35
131,https://www.youtube.com/watch?v=5CPcrcQ3Fb4,5CPcrcQ3Fb4,ekwang-cm-131.jpg,Ekwang,Cameroon,11:58,9,12:35
132,https://www.youtube.com/watch?v=5CPcrcQ3Fb4,5CPcrcQ3Fb4,ekwang-cm-132.jpg,Ekwang,Cameroon,12:00,9,12:35
133,https://www.youtube.com/watch?v=5CPcrcQ3Fb4,5CPcrcQ3Fb4,ekwang-cm-133.jpg,Ekwang,Cameroon,12:03,9,12:35
134,https://www.youtube.com/watch?v=5CPcrcQ3Fb4,5CPcrcQ3Fb4,ekwang-cm-134.jpg,Ekwang,Cameroon,12:06,9,12:35
135,https://www.youtube.com/watch?v=5CPcrcQ3Fb4,5CPcrcQ3Fb4,ekwang-cm-135.jpg,Ekwang,Cameroon,12:11,9,12:35
136,https://www.youtube.com/watch?v=5CPcrcQ3Fb4,5CPcrcQ3Fb4,ekwang-cm-136.jpg,Ekwang,Cameroon,12:14,9,12:35
137,https://www.youtube.com/watch?v=5CPcrcQ3Fb4,5CPcrcQ3Fb4,ekwang-cm-137.jpg,Ekwang,Cameroon,12:20,9,12:35
138,https://www.youtube.com/watch?v=5CPcrcQ3Fb4,5CPcrcQ3Fb4,ekwang-cm-138.jpg,Ekwang,Cameroon,12:22,9,12:35
139,https://www.youtube.com/watch?v=c3P3UW6mSe4,c3P3UW6mSe4,ekwang-cm-139.jpg,Ekwang,Cameroon,0:01,10,10:20
140,https://www.youtube.com/watch?v=c3P3UW6mSe4,c3P3UW6mSe4,ekwang-cm-140.jpg,Ekwang,Cameroon,0:24,10,10:20
141,https://www.youtube.com/watch?v=c3P3UW6mSe4,c3P3UW6mSe4,ekwang-cm-141.jpg,Ekwang,Cameroon,0:26,10,10:20
142,https://www.youtube.com/watch?v=c3P3UW6mSe4,c3P3UW6mSe4,ekwang-cm-142.jpg,Ekwang,Cameroon,0:27,10,10:20
143,https://www.youtube.com/watch?v=c3P3UW6mSe4,c3P3UW6mSe4,ekwang-cm-143.jpg,Ekwang,Cameroon,0:28,10,10:20
144,https://www.youtube.com/watch?v=c3P3UW6mSe4,c3P3UW6mSe4,ekwang-cm-144.jpg,Ekwang,Cameroon,0:29,10,10:20
145,https://www.youtube.com/watch?v=c3P3UW6mSe4,c3P3UW6mSe4,ekwang-cm-145.jpg,Ekwang,Cameroon,0:32,10,10:20
146,https://www.youtube.com/watch?v=c3P3UW6mSe4,c3P3UW6mSe4,ekwang-cm-146.jpg,Ekwang,Cameroon,0:34,10,10:20
147,https://www.youtube.com/watch?v=c3P3UW6mSe4,c3P3UW6mSe4,ekwang-cm-147.jpg,Ekwang,Cameroon,0:37,10,10:20
148,https://www.youtube.com/watch?v=c3P3UW6mSe4,c3P3UW6mSe4,ekwang-cm-148.jpg,Ekwang,Cameroon,0:40,10,10:20
149,https://www.youtube.com/watch?v=c3P3UW6mSe4,c3P3UW6mSe4,ekwang-cm-149.jpg,Ekwang,Cameroon,0:42,10,10:20
150,https://www.youtube.com/watch?v=c3P3UW6mSe4,c3P3UW6mSe4,ekwang-cm-150.jpg,Ekwang,Cameroon,0:46,10,10:20
151,https://www.youtube.com/watch?v=c3P3UW6mSe4,c3P3UW6mSe4,ekwang-cm-151.jpg,Ekwang,Cameroon,0:47,10,10:20
152,https://www.youtube.com/watch?v=c3P3UW6mSe4,c3P3UW6mSe4,ekwang-cm-152.jpg,Ekwang,Cameroon,0:49,10,10:20
153,https://www.youtube.com/watch?v=c3P3UW6mSe4,c3P3UW6mSe4,ekwang-cm-153.jpg,Ekwang,Cameroon,0:55,10,10:20
154,https://www.youtube.com/watch?v=c3P3UW6mSe4,c3P3UW6mSe4,ekwang-cm-154.jpg,Ekwang,Cameroon,0:58,10,10:20
155,https://www.youtube.com/watch?v=c3P3UW6mSe4,c3P3UW6mSe4,ekwang-cm-155.jpg,Ekwang,Cameroon,1:01,10,10:20
156,https://www.youtube.com/watch?v=c3P3UW6mSe4,c3P3UW6mSe4,ekwang-cm-156.jpg,Ekwang,Cameroon,9:36,10,10:20
157,https://www.youtube.com/watch?v=c3P3UW6mSe4,c3P3UW6mSe4,ekwang-cm-157.jpg,Ekwang,Cameroon,9:37,10,10:20
158,https://www.youtube.com/watch?v=c3P3UW6mSe4,c3P3UW6mSe4,ekwang-cm-158.jpg,Ekwang,Cameroon,9:42,10,10:20
159,https://www.youtube.com/watch?v=c3P3UW6mSe4,c3P3UW6mSe4,ekwang-cm-159.jpg,Ekwang,Cameroon,9:44,10,10:20
160,https://www.youtube.com/watch?v=c3P3UW6mSe4,c3P3UW6mSe4,ekwang-cm-160.jpg,Ekwang,Cameroon,9:51,10,10:20
161,https://www.youtube.com/watch?v=c3P3UW6mSe4,c3P3UW6mSe4,ekwang-cm-161.jpg,Ekwang,Cameroon,9:55,10,10:20
162,https://www.youtube.com/watch?v=c3P3UW6mSe4,c3P3UW6mSe4,ekwang-cm-162.jpg,Ekwang,Cameroon,9:57,10,10:20
163,https://www.youtube.com/watch?v=c3P3UW6mSe4,c3P3UW6mSe4,ekwang-cm-163.jpg,Ekwang,Cameroon,10:01,10,10:20
164,https://www.youtube.com/watch?v=c3P3UW6mSe4,c3P3UW6mSe4,ekwang-cm-164.jpg,Ekwang,Cameroon,10:02,10,10:20
165,https://www.youtube.com/watch?v=c3P3UW6mSe4,c3P3UW6mSe4,ekwang-cm-165.jpg,Ekwang,Cameroon,10:02,10,10:20
166,https://www.youtube.com/watch?v=c3P3UW6mSe4,c3P3UW6mSe4,ekwang-cm-166.jpg,Ekwang,Cameroon,10:06,10,10:20
167,https://www.youtube.com/watch?v=c3P3UW6mSe4,c3P3UW6mSe4,ekwang-cm-167.jpg,Ekwang,Cameroon,10:13,10,10:20
168,https://www.youtube.com/watch?v=_CrGYcRaSTg,_CrGYcRaSTg,ekwang-cm-168.jpg,Ekwang,Cameroon,8:35,11,10:17
169,https://www.youtube.com/watch?v=_CrGYcRaSTg,_CrGYcRaSTg,ekwang-cm-169.jpg,Ekwang,Cameroon,9:55,11,10:17
170,https://www.youtube.com/watch?v=_CrGYcRaSTg,_CrGYcRaSTg,ekwang-cm-170.jpg,Ekwang,Cameroon,9:56,11,10:17
171,https://www.youtube.com/watch?v=_CrGYcRaSTg,_CrGYcRaSTg,ekwang-cm-171.jpg,Ekwang,Cameroon,10:02,11,10:17
172,https://www.youtube.com/watch?v=7p_HGGF-lA0,7p_HGGF-lA0,ekwang-cm-172.jpg,Ekwang,Cameroon,9:05,12,9:27
173,https://www.youtube.com/watch?v=7p_HGGF-lA0,7p_HGGF-lA0,ekwang-cm-173.jpg,Ekwang,Cameroon,9:12,12,9:27
174,https://www.youtube.com/watch?v=7p_HGGF-lA0,7p_HGGF-lA0,ekwang-cm-174.jpg,Ekwang,Cameroon,9:18,12,9:27
175,https://www.youtube.com/watch?v=xGllPYsVPAg,xGllPYsVPAg,ekwang-cm-175.jpg,Ekwang,Cameroon,0:42,13,1:08
176,https://www.youtube.com/watch?v=xGllPYsVPAg,xGllPYsVPAg,ekwang-cm-176.jpg,Ekwang,Cameroon,0:44,13,1:08
177,https://www.youtube.com/watch?v=xGllPYsVPAg,xGllPYsVPAg,ekwang-cm-177.jpg,Ekwang,Cameroon,0:48,13,1:08
178,https://www.youtube.com/watch?v=xGllPYsVPAg,xGllPYsVPAg,ekwang-cm-178.jpg,Ekwang,Cameroon,0:53,13,1:08
179,https://www.youtube.com/watch?v=xGllPYsVPAg,xGllPYsVPAg,ekwang-cm-179.jpg,Ekwang,Cameroon,0:54,13,1:08
180,https://www.youtube.com/watch?v=xGllPYsVPAg,xGllPYsVPAg,ekwang-cm-180.jpg,Ekwang,Cameroon,0:58,13,1:08
181,https://www.youtube.com/watch?v=xGllPYsVPAg,xGllPYsVPAg,ekwang-cm-181.jpg,Ekwang,Cameroon,0:59,13,1:08
182,https://www.youtube.com/watch?v=xGllPYsVPAg,xGllPYsVPAg,ekwang-cm-182.jpg,Ekwang,Cameroon,1:02,13,1:08
183,https://www.youtube.com/watch?v=flEQCOdyIIM,flEQCOdyIIM,ekwang-cm-183.jpg,Ekwang,Cameroon,11:41,14,13:15
184,https://www.youtube.com/watch?v=flEQCOdyIIM,flEQCOdyIIM,ekwang-cm-184.jpg,Ekwang,Cameroon,11:53,14,13:15
185,https://www.youtube.com/watch?v=flEQCOdyIIM,flEQCOdyIIM,ekwang-cm-185.jpg,Ekwang,Cameroon,11:58,14,13:15
186,https://www.youtube.com/watch?v=flEQCOdyIIM,flEQCOdyIIM,ekwang-cm-186.jpg,Ekwang,Cameroon,12:07,14,13:15
187,https://www.youtube.com/watch?v=flEQCOdyIIM,flEQCOdyIIM,ekwang-cm-187.jpg,Ekwang,Cameroon,12:11,14,13:15
188,https://www.youtube.com/watch?v=flEQCOdyIIM,flEQCOdyIIM,ekwang-cm-188.jpg,Ekwang,Cameroon,12:13,14,13:15
189,https://www.youtube.com/watch?v=flEQCOdyIIM,flEQCOdyIIM,ekwang-cm-189.jpg,Ekwang,Cameroon,12:14,14,13:15
190,https://www.youtube.com/watch?v=flEQCOdyIIM,flEQCOdyIIM,ekwang-cm-190.jpg,Ekwang,Cameroon,12:17,14,13:15
191,https://www.youtube.com/watch?v=flEQCOdyIIM,flEQCOdyIIM,ekwang-cm-191.jpg,Ekwang,Cameroon,12:24,14,13:15
192,https://www.youtube.com/watch?v=flEQCOdyIIM,flEQCOdyIIM,ekwang-cm-192.jpg,Ekwang,Cameroon,12:46,14,13:15
193,https://www.youtube.com/watch?v=flEQCOdyIIM,flEQCOdyIIM,ekwang-cm-193.jpg,Ekwang,Cameroon,13:08,14,13:15
194,https://www.youtube.com/watch?v=flEQCOdyIIM,flEQCOdyIIM,ekwang-cm-194.jpg,Ekwang,Cameroon,13:10,14,13:15
195,https://www.youtube.com/watch?v=flEQCOdyIIM,flEQCOdyIIM,ekwang-cm-195.jpg,Ekwang,Cameroon,13:14,14,13:15
196,https://www.youtube.com/watch?v=Dmx8rUgJTBc,Dmx8rUgJTBc,ekwang-cm-196.jpg,Ekwang,Cameroon,0:05,15,11:45
197,https://www.youtube.com/watch?v=Dmx8rUgJTBc,Dmx8rUgJTBc,ekwang-cm-197.jpg,Ekwang,Cameroon,0:06,15,11:45
198,https://www.youtube.com/watch?v=Dmx8rUgJTBc,Dmx8rUgJTBc,ekwang-cm-198.jpg,Ekwang,Cameroon,0:13,15,11:45
199,https://www.youtube.com/watch?v=Dmx8rUgJTBc,Dmx8rUgJTBc,ekwang-cm-199.jpg,Ekwang,Cameroon,9:31,15,11:45
200,https://www.youtube.com/watch?v=Dmx8rUgJTBc,Dmx8rUgJTBc,ekwang-cm-200.jpg,Ekwang,Cameroon,9:44,15,11:45
201,https://www.youtube.com/watch?v=Dmx8rUgJTBc,Dmx8rUgJTBc,ekwang-cm-201.jpg,Ekwang,Cameroon,9:47,15,11:45
202,https://www.youtube.com/watch?v=Dmx8rUgJTBc,Dmx8rUgJTBc,ekwang-cm-202.jpg,Ekwang,Cameroon,9:48,15,11:45
203,https://www.youtube.com/watch?v=Dmx8rUgJTBc,Dmx8rUgJTBc,ekwang-cm-203.jpg,Ekwang,Cameroon,9:53,15,11:45
204,https://www.youtube.com/watch?v=Dmx8rUgJTBc,Dmx8rUgJTBc,ekwang-cm-204.jpg,Ekwang,Cameroon,9:54,15,11:45
205,https://www.youtube.com/watch?v=Dmx8rUgJTBc,Dmx8rUgJTBc,ekwang-cm-205.jpg,Ekwang,Cameroon,9:55,15,11:45
206,https://www.youtube.com/watch?v=Dmx8rUgJTBc,Dmx8rUgJTBc,ekwang-cm-206.jpg,Ekwang,Cameroon,10:06,15,11:45
207,https://www.youtube.com/watch?v=Dmx8rUgJTBc,Dmx8rUgJTBc,ekwang-cm-207.jpg,Ekwang,Cameroon,10:17,15,11:45
208,https://www.youtube.com/watch?v=Dmx8rUgJTBc,Dmx8rUgJTBc,ekwang-cm-208.jpg,Ekwang,Cameroon,10:21,15,11:45
209,https://www.youtube.com/watch?v=Dmx8rUgJTBc,Dmx8rUgJTBc,ekwang-cm-209.jpg,Ekwang,Cameroon,10:25,15,11:45
210,https://www.youtube.com/watch?v=Dmx8rUgJTBc,Dmx8rUgJTBc,ekwang-cm-210.jpg,Ekwang,Cameroon,10:36,15,11:45
211,https://www.youtube.com/watch?v=Dmx8rUgJTBc,Dmx8rUgJTBc,ekwang-cm-211.jpg,Ekwang,Cameroon,10:58,15,11:45
212,https://www.youtube.com/watch?v=Dmx8rUgJTBc,Dmx8rUgJTBc,ekwang-cm-212.jpg,Ekwang,Cameroon,11:13,15,11:45
213,https://www.youtube.com/watch?v=Dmx8rUgJTBc,Dmx8rUgJTBc,ekwang-cm-213.jpg,Ekwang,Cameroon,11:15,15,11:45
214,https://www.youtube.com/watch?v=Dmx8rUgJTBc,Dmx8rUgJTBc,ekwang-cm-214.jpg,Ekwang,Cameroon,11:19,15,11:45
215,https://www.youtube.com/watch?v=Dmx8rUgJTBc,Dmx8rUgJTBc,ekwang-cm-215.jpg,Ekwang,Cameroon,11:20,15,11:45
216,https://www.youtube.com/watch?v=Dmx8rUgJTBc,Dmx8rUgJTBc,ekwang-cm-216.jpg,Ekwang,Cameroon,11:21,15,11:45
217,https://www.youtube.com/watch?v=Dmx8rUgJTBc,Dmx8rUgJTBc,ekwang-cm-217.jpg,Ekwang,Cameroon,11:22,15,11:45
218,https://www.youtube.com/watch?v=Dmx8rUgJTBc,Dmx8rUgJTBc,ekwang-cm-218.jpg,Ekwang,Cameroon,11:23,15,11:45
219,https://www.youtube.com/watch?v=Dmx8rUgJTBc,Dmx8rUgJTBc,ekwang-cm-219.jpg,Ekwang,Cameroon,11:24,15,11:45
220,https://www.youtube.com/watch?v=Dmx8rUgJTBc,Dmx8rUgJTBc,ekwang-cm-220.jpg,Ekwang,Cameroon,11:26,15,11:45
221,https://www.youtube.com/watch?v=Dmx8rUgJTBc,Dmx8rUgJTBc,ekwang-cm-221.jpg,Ekwang,Cameroon,11:27,15,11:45
222,https://www.youtube.com/watch?v=Dmx8rUgJTBc,Dmx8rUgJTBc,ekwang-cm-222.jpg,Ekwang,Cameroon,11:28,15,11:45
223,https://www.youtube.com/watch?v=Dmx8rUgJTBc,Dmx8rUgJTBc,ekwang-cm-223.jpg,Ekwang,Cameroon,11:30,15,11:45
224,https://www.youtube.com/watch?v=Dmx8rUgJTBc,Dmx8rUgJTBc,ekwang-cm-224.jpg,Ekwang,Cameroon,11:32,15,11:45
225,https://www.youtube.com/watch?v=9bEOUJOAigo,9bEOUJOAigo,ekwang-cm-225.jpg,Ekwang,Cameroon,0:03,16,3:23
226,https://www.youtube.com/watch?v=9bEOUJOAigo,9bEOUJOAigo,ekwang-cm-226.jpg,Ekwang,Cameroon,2:33,16,3:23
227,https://www.youtube.com/watch?v=9bEOUJOAigo,9bEOUJOAigo,ekwang-cm-227.jpg,Ekwang,Cameroon,2:36,16,3:23
228,https://www.youtube.com/watch?v=9bEOUJOAigo,9bEOUJOAigo,ekwang-cm-228.jpg,Ekwang,Cameroon,2:39,16,3:23
229,https://www.youtube.com/watch?v=9bEOUJOAigo,9bEOUJOAigo,ekwang-cm-229.jpg,Ekwang,Cameroon,2:44,16,3:23
230,https://www.youtube.com/watch?v=9bEOUJOAigo,9bEOUJOAigo,ekwang-cm-230.jpg,Ekwang,Cameroon,2:48,16,3:23
231,https://www.youtube.com/watch?v=9bEOUJOAigo,9bEOUJOAigo,ekwang-cm-231.jpg,Ekwang,Cameroon,2:52,16,3:23
232,https://www.youtube.com/watch?v=9bEOUJOAigo,9bEOUJOAigo,ekwang-cm-232.jpg,Ekwang,Cameroon,2:54,16,3:23
233,https://www.youtube.com/watch?v=9bEOUJOAigo,9bEOUJOAigo,ekwang-cm-233.jpg,Ekwang,Cameroon,2:56,16,3:23
234,https://www.youtube.com/watch?v=beGi7pe9GDg,beGi7pe9GDg,ekwang-cm-234.jpg,Ekwang,Cameroon,4:12,17,4:49
235,https://www.youtube.com/watch?v=beGi7pe9GDg,beGi7pe9GDg,ekwang-cm-235.jpg,Ekwang,Cameroon,4:16,17,4:49
236,https://www.youtube.com/watch?v=beGi7pe9GDg,beGi7pe9GDg,ekwang-cm-236.jpg,Ekwang,Cameroon,4:17,17,4:49
237,https://www.youtube.com/watch?v=beGi7pe9GDg,beGi7pe9GDg,ekwang-cm-237.jpg,Ekwang,Cameroon,4:18,17,4:49
238,https://www.youtube.com/watch?v=beGi7pe9GDg,beGi7pe9GDg,ekwang-cm-238.jpg,Ekwang,Cameroon,4:20,17,4:49
239,https://www.youtube.com/watch?v=beGi7pe9GDg,beGi7pe9GDg,ekwang-cm-239.jpg,Ekwang,Cameroon,4:22,17,4:49
240,https://www.youtube.com/watch?v=beGi7pe9GDg,beGi7pe9GDg,ekwang-cm-240.jpg,Ekwang,Cameroon,4:23,17,4:49
241,https://www.youtube.com/watch?v=beGi7pe9GDg,beGi7pe9GDg,ekwang-cm-241.jpg,Ekwang,Cameroon,4:25,17,4:49
242,https://www.youtube.com/watch?v=beGi7pe9GDg,beGi7pe9GDg,ekwang-cm-242.jpg,Ekwang,Cameroon,4:29,17,4:49
243,https://www.youtube.com/watch?v=wzYgtKvqXoM,wzYgtKvqXoM,ekwang-cm-243.jpg,Ekwang,Cameroon,0:00,18,13:54
244,https://www.youtube.com/watch?v=wzYgtKvqXoM,wzYgtKvqXoM,ekwang-cm-244.jpg,Ekwang,Cameroon,0:02,18,13:54
245,https://www.youtube.com/watch?v=wzYgtKvqXoM,wzYgtKvqXoM,ekwang-cm-245.jpg,Ekwang,Cameroon,0:05,18,13:54
246,https://www.youtube.com/watch?v=wzYgtKvqXoM,wzYgtKvqXoM,ekwang-cm-246.jpg,Ekwang,Cameroon,11:11,18,13:54
247,https://www.youtube.com/watch?v=wzYgtKvqXoM,wzYgtKvqXoM,ekwang-cm-247.jpg,Ekwang,Cameroon,11:18,18,13:54
248,https://www.youtube.com/watch?v=wzYgtKvqXoM,wzYgtKvqXoM,ekwang-cm-248.jpg,Ekwang,Cameroon,11:34,18,13:54
249,https://www.youtube.com/watch?v=wzYgtKvqXoM,wzYgtKvqXoM,ekwang-cm-249.jpg,Ekwang,Cameroon,11:43,18,13:54
250,https://www.youtube.com/watch?v=wzYgtKvqXoM,wzYgtKvqXoM,ekwang-cm-250.jpg,Ekwang,Cameroon,11:50,18,13:54
251,https://www.youtube.com/watch?v=wzYgtKvqXoM,wzYgtKvqXoM,ekwang-cm-251.jpg,Ekwang,Cameroon,11:59,18,13:54
252,https://www.youtube.com/watch?v=wzYgtKvqXoM,wzYgtKvqXoM,ekwang-cm-252.jpg,Ekwang,Cameroon,12:04,18,13:54
253,https://www.youtube.com/watch?v=wzYgtKvqXoM,wzYgtKvqXoM,ekwang-cm-253.jpg,Ekwang,Cameroon,12:07,18,13:54
254,https://www.youtube.com/watch?v=wzYgtKvqXoM,wzYgtKvqXoM,ekwang-cm-254.jpg,Ekwang,Cameroon,12:08,18,13:54
255,https://www.youtube.com/watch?v=wzYgtKvqXoM,wzYgtKvqXoM,ekwang-cm-255.jpg,Ekwang,Cameroon,12:11,18,13:54
256,https://www.youtube.com/watch?v=re47cWr0dxI,re47cWr0dxI,ekwang-cm-256.jpg,Ekwang,Cameroon,0:01,19,6:57
257,https://www.youtube.com/watch?v=re47cWr0dxI,re47cWr0dxI,ekwang-cm-257.jpg,Ekwang,Cameroon,0:04,19,6:57
258,https://www.youtube.com/watch?v=re47cWr0dxI,re47cWr0dxI,ekwang-cm-258.jpg,Ekwang,Cameroon,0:05,19,6:57
259,https://www.youtube.com/watch?v=re47cWr0dxI,re47cWr0dxI,ekwang-cm-259.jpg,Ekwang,Cameroon,0:09,19,6:57
260,https://www.youtube.com/watch?v=re47cWr0dxI,re47cWr0dxI,ekwang-cm-260.jpg,Ekwang,Cameroon,0:10,19,6:57
261,https://www.youtube.com/watch?v=re47cWr0dxI,re47cWr0dxI,ekwang-cm-261.jpg,Ekwang,Cameroon,0:13,19,6:57
262,https://www.youtube.com/watch?v=re47cWr0dxI,re47cWr0dxI,ekwang-cm-262.jpg,Ekwang,Cameroon,0:15,19,6:57
263,https://www.youtube.com/watch?v=re47cWr0dxI,re47cWr0dxI,ekwang-cm-263.jpg,Ekwang,Cameroon,0:18,19,6:57
264,https://www.youtube.com/watch?v=re47cWr0dxI,re47cWr0dxI,ekwang-cm-264.jpg,Ekwang,Cameroon,0:20,19,6:57
265,https://www.youtube.com/watch?v=re47cWr0dxI,re47cWr0dxI,ekwang-cm-265.jpg,Ekwang,Cameroon,0:23,19,6:57
266,https://www.youtube.com/watch?v=re47cWr0dxI,re47cWr0dxI,ekwang-cm-266.jpg,Ekwang,Cameroon,5:51,19,6:57
267,https://www.youtube.com/watch?v=re47cWr0dxI,re47cWr0dxI,ekwang-cm-267.jpg,Ekwang,Cameroon,5:52,19,6:57
268,https://www.youtube.com/watch?v=re47cWr0dxI,re47cWr0dxI,ekwang-cm-268.jpg,Ekwang,Cameroon,5:54,19,6:57
269,https://www.youtube.com/watch?v=re47cWr0dxI,re47cWr0dxI,ekwang-cm-269.jpg,Ekwang,Cameroon,6:13,19,6:57
270,https://www.youtube.com/watch?v=re47cWr0dxI,re47cWr0dxI,ekwang-cm-270.jpg,Ekwang,Cameroon,6:21,19,6:57
271,https://www.youtube.com/watch?v=re47cWr0dxI,re47cWr0dxI,ekwang-cm-271.jpg,Ekwang,Cameroon,6:24,19,6:57
272,https://www.youtube.com/watch?v=re47cWr0dxI,re47cWr0dxI,ekwang-cm-272.jpg,Ekwang,Cameroon,6:25,19,6:57
273,https://www.youtube.com/watch?v=re47cWr0dxI,re47cWr0dxI,ekwang-cm-273.jpg,Ekwang,Cameroon,6:28,19,6:57
274,https://www.youtube.com/watch?v=OzjdEF2MBAA,OzjdEF2MBAA,ekwang-cm-274.jpg,Ekwang,Cameroon,0:33,20,5:34
275,https://www.youtube.com/watch?v=0UaSoNA74kk,0UaSoNA74kk,ekwang-cm-275.jpg,Ekwang,Cameroon,0:02,21,7:44
276,https://www.youtube.com/watch?v=0UaSoNA74kk,0UaSoNA74kk,ekwang-cm-276.jpg,Ekwang,Cameroon,0:03,21,7:44
277,https://www.youtube.com/watch?v=0UaSoNA74kk,0UaSoNA74kk,ekwang-cm-277.jpg,Ekwang,Cameroon,0:04,21,7:44
278,https://www.youtube.com/watch?v=0UaSoNA74kk,0UaSoNA74kk,ekwang-cm-278.jpg,Ekwang,Cameroon,0:05,21,7:44
279,https://www.youtube.com/watch?v=0UaSoNA74kk,0UaSoNA74kk,ekwang-cm-279.jpg,Ekwang,Cameroon,0:07,21,7:44
280,https://www.youtube.com/watch?v=0UaSoNA74kk,0UaSoNA74kk,ekwang-cm-280.jpg,Ekwang,Cameroon,7:20,21,7:44
281,https://www.youtube.com/watch?v=0UaSoNA74kk,0UaSoNA74kk,ekwang-cm-281jpg,Ekwang,Cameroon,7:22,21,7:44
282,https://www.youtube.com/watch?v=0UaSoNA74kk,0UaSoNA74kk,ekwang-cm-282.jpg,Ekwang,Cameroon,7:26,21,7:44
283,https://www.youtube.com/watch?v=0UaSoNA74kk,0UaSoNA74kk,ekwang-cm-283.jpg,Ekwang,Cameroon,7:28,21,7:44
284,https://www.youtube.com/watch?v=0UaSoNA74kk,0UaSoNA74kk,ekwang-cm-284.jpg,Ekwang,Cameroon,7:37,21,7:44
285,https://www.youtube.com/watch?v=0UaSoNA74kk,0UaSoNA74kk,ekwang-cm-285.Jpg,Ekwang,Cameroon,7:40,21,7:44
286,https://www.youtube.com/watch?v=0qLsOQ4bRpU,0qLsOQ4bRpU,ekwang-cm-286.Jpg,Ekwang,Cameroon,0:10,22,9:19
287,https://www.youtube.com/watch?v=0qLsOQ4bRpU,0qLsOQ4bRpU,ekwang-cm-287.Jpg,Ekwang,Cameroon,6:02,22,9:19
288,https://www.youtube.com/watch?v=0qLsOQ4bRpU,0qLsOQ4bRpU,ekwang-cm-288.Jpg,Ekwang,Cameroon,6:28,22,9:19
289,https://www.youtube.com/watch?v=0qLsOQ4bRpU,0qLsOQ4bRpU,ekwang-cm-289.Jpg,Ekwang,Cameroon,7:43,22,9:19
290,https://www.youtube.com/watch?v=0qLsOQ4bRpU,0qLsOQ4bRpU,ekwang-cm-290.Jpg,Ekwang,Cameroon,7:51,22,9:19
291,https://www.youtube.com/watch?v=0qLsOQ4bRpU,0qLsOQ4bRpU,ekwang-cm-291.Jpg,Ekwang,Cameroon,7:57,22,9:19
292,https://www.youtube.com/watch?v=0qLsOQ4bRpU,0qLsOQ4bRpU,ekwang-cm-292.Jpg,Ekwang,Cameroon,8:00,22,9:19
293,https://www.youtube.com/watch?v=0qLsOQ4bRpU,0qLsOQ4bRpU,ekwang-cm-293.Jpg,Ekwang,Cameroon,8:08,22,9:19
294,https://www.youtube.com/watch?v=0qLsOQ4bRpU,0qLsOQ4bRpU,ekwang-cm-294.Jpg,Ekwang,Cameroon,8:14,22,9:19
295,https://www.youtube.com/watch?v=0qLsOQ4bRpU,0qLsOQ4bRpU,ekwang-cm-295.Jpg,Ekwang,Cameroon,8:17,22,9:19
296,https://www.youtube.com/watch?v=0qLsOQ4bRpU,0qLsOQ4bRpU,ekwang-cm-296.Jpg,Ekwang,Cameroon,8:18,22,9:19
297,https://www.youtube.com/watch?v=0qLsOQ4bRpU,0qLsOQ4bRpU,ekwang-cm-297.Jpg,Ekwang,Cameroon,8:20,22,9:19
298,https://www.youtube.com/watch?v=0qLsOQ4bRpU,0qLsOQ4bRpU,ekwang-cm-298.Jpg,Ekwang,Cameroon,8:24,22,9:19
299,https://www.youtube.com/watch?v=BpUiG73NmbM,BpUiG73NmbM,ekwang-cm-299.Jpg,Ekwang,Cameroon,0:03,23,13:25
300,https://www.youtube.com/watch?v=BpUiG73NmbM,BpUiG73NmbM,ekwang-cm-300.Jpg,Ekwang,Cameroon,0:10,23,13:25
301,https://www.youtube.com/watch?v=_aoQ0jSWnL8,_aoQ0jSWnL8,ekwang-cm-301.Jpg,Ekwang,Cameroon,0:00,24,8:16
302,https://www.youtube.com/watch?v=_aoQ0jSWnL8,_aoQ0jSWnL8,ekwang-cm-302.Jpg,Ekwang,Cameroon,0:02,24,8:16
303,https://www.youtube.com/watch?v=_aoQ0jSWnL8,_aoQ0jSWnL8,ekwang-cm-303.Jpg,Ekwang,Cameroon,0:04,24,8:16
304,https://www.youtube.com/watch?v=_aoQ0jSWnL8,_aoQ0jSWnL8,ekwang-cm-304.Jpg,Ekwang,Cameroon,0:05,24,8:16
305,https://www.youtube.com/watch?v=_aoQ0jSWnL8,_aoQ0jSWnL8,ekwang-cm-305.Jpg,Ekwang,Cameroon,0:07,24,8:16
306,https://www.youtube.com/watch?v=_aoQ0jSWnL8,_aoQ0jSWnL8,ekwang-cm-306.Jpg,Ekwang,Cameroon,0:09,24,8:16
307,https://www.youtube.com/watch?v=_aoQ0jSWnL8,_aoQ0jSWnL8,ekwang-cm-307.Jpg,Ekwang,Cameroon,0:12,24,8:16
308,https://www.youtube.com/watch?v=_aoQ0jSWnL8,_aoQ0jSWnL8,ekwang-cm-308.Jpg,Ekwang,Cameroon,0:15,24,8:16
309,https://www.youtube.com/watch?v=_aoQ0jSWnL8,_aoQ0jSWnL8,ekwang-cm-309.Jpg,Ekwang,Cameroon,0:17,24,8:16
310,https://www.youtube.com/watch?v=_aoQ0jSWnL8,_aoQ0jSWnL8,ekwang-cm-310.Jpg,Ekwang,Cameroon,0:23,24,8:16
311,https://www.youtube.com/watch?v=_aoQ0jSWnL8,_aoQ0jSWnL8,ekwang-cm-311.Jpg,Ekwang,Cameroon,0:25,24,8:16
312,https://www.youtube.com/watch?v=_aoQ0jSWnL8,_aoQ0jSWnL8,ekwang-cm-312.Jpg,Ekwang,Cameroon,0:28,24,8:16
313,https://www.youtube.com/watch?v=_aoQ0jSWnL8,_aoQ0jSWnL8,ekwang-cm-313.Jpg,Ekwang,Cameroon,0:29,24,8:16
314,https://www.youtube.com/watch?v=_aoQ0jSWnL8,_aoQ0jSWnL8,ekwang-cm-314.Jpg,Ekwang,Cameroon,0:31,24,8:16
315,https://www.youtube.com/watch?v=_aoQ0jSWnL8,_aoQ0jSWnL8,ekwang-cm-315.Jpg,Ekwang,Cameroon,4:47,24,8:16
316,https://www.youtube.com/watch?v=_aoQ0jSWnL8,_aoQ0jSWnL8,ekwang-cm-316.Jpg,Ekwang,Cameroon,4:52,24,8:16
317,https://www.youtube.com/watch?v=_aoQ0jSWnL8,_aoQ0jSWnL8,ekwang-cm-317.Jpg,Ekwang,Cameroon,6:09,24,8:16
318,https://www.youtube.com/watch?v=_aoQ0jSWnL8,_aoQ0jSWnL8,ekwang-cm-318.Jpg,Ekwang,Cameroon,6:20,24,8:16
319,https://www.youtube.com/watch?v=_aoQ0jSWnL8,_aoQ0jSWnL8,ekwang-cm-319.Jpg,Ekwang,Cameroon,6:27,24,8:16
320,https://www.youtube.com/watch?v=_aoQ0jSWnL8,_aoQ0jSWnL8,ekwang-cm-320.Jpg,Ekwang,Cameroon,6:32,24,8:16
321,https://www.youtube.com/watch?v=_aoQ0jSWnL8,_aoQ0jSWnL8,ekwang-cm-321.Jpg,Ekwang,Cameroon,6:33,24,8:16
322,https://www.youtube.com/watch?v=_aoQ0jSWnL8,_aoQ0jSWnL8,ekwang-cm-322.Jpg,Ekwang,Cameroon,6:36,24,8:16
323,https://www.youtube.com/watch?v=_aoQ0jSWnL8,_aoQ0jSWnL8,ekwang-cm-323.Jpg,Ekwang,Cameroon,6:39,24,8:16
324,https://www.youtube.com/watch?v=_aoQ0jSWnL8,_aoQ0jSWnL8,ekwang-cm-324.Jpg,Ekwang,Cameroon,6:40,24,8:16
325,https://www.youtube.com/watch?v=_aoQ0jSWnL8,_aoQ0jSWnL8,ekwang-cm-325.Jpg,Ekwang,Cameroon,6:43,24,8:16
326,https://www.youtube.com/watch?v=_aoQ0jSWnL8,_aoQ0jSWnL8,ekwang-cm-326.Jpg,Ekwang,Cameroon,6:44,24,8:16
327,https://www.youtube.com/watch?v=_aoQ0jSWnL8,_aoQ0jSWnL8,ekwang-cm-327.Jpg,Ekwang,Cameroon,6:49,24,8:16
328,https://www.youtube.com/watch?v=_aoQ0jSWnL8,_aoQ0jSWnL8,ekwang-cm-328.Jpg,Ekwang,Cameroon,6:52,24,8:16
329,https://www.youtube.com/watch?v=_aoQ0jSWnL8,_aoQ0jSWnL8,ekwang-cm-329.Jpg,Ekwang,Cameroon,6:56,24,8:16
330,https://www.youtube.com/watch?v=_aoQ0jSWnL8,_aoQ0jSWnL8,ekwang-cm-330.Jpg,Ekwang,Cameroon,6:58,24,8:16
331,https://www.youtube.com/watch?v=_aoQ0jSWnL8,_aoQ0jSWnL8,ekwang-cm-331.Jpg,Ekwang,Cameroon,7:00,24,8:16
332,https://www.youtube.com/watch?v=_aoQ0jSWnL8,_aoQ0jSWnL8,ekwang-cm-332.Jpg,Ekwang,Cameroon,7:02,24,8:16
333,https://www.youtube.com/watch?v=_aoQ0jSWnL8,_aoQ0jSWnL8,ekwang-cm-333.Jpg,Ekwang,Cameroon,7:03,24,8:16
334,https://www.youtube.com/watch?v=_aoQ0jSWnL8,_aoQ0jSWnL8,ekwang-cm-334.Jpg,Ekwang,Cameroon,7:06,24,8:16
335,https://www.youtube.com/watch?v=_aoQ0jSWnL8,_aoQ0jSWnL8,ekwang-cm-335.Jpg,Ekwang,Cameroon,7:15,24,8:16
336,https://www.youtube.com/watch?v=_aoQ0jSWnL8,_aoQ0jSWnL8,ekwang-cm-336.Jpg,Ekwang,Cameroon,7:17,24,8:16
337,https://www.youtube.com/watch?v=_aoQ0jSWnL8,_aoQ0jSWnL8,ekwang-cm-337.Jpg,Ekwang,Cameroon,7:20,24,8:16
338,https://www.youtube.com/watch?v=_aoQ0jSWnL8,_aoQ0jSWnL8,ekwang-cm-338.Jpg,Ekwang,Cameroon,7:23,24,8:16
339,https://www.youtube.com/watch?v=_aoQ0jSWnL8,_aoQ0jSWnL8,ekwang-cm-339.Jpg,Ekwang,Cameroon,7:25,24,8:16
340,https://www.youtube.com/watch?v=_aoQ0jSWnL8,_aoQ0jSWnL8,ekwang-cm-340.Jpg,Ekwang,Cameroon,7:27,24,8:16
341,https://www.youtube.com/watch?v=_aoQ0jSWnL8,_aoQ0jSWnL8,ekwang-cm-341.Jpg,Ekwang,Cameroon,7:34,24,8:16
342,https://www.youtube.com/watch?v=_aoQ0jSWnL8,_aoQ0jSWnL8,ekwang-cm-342.Jpg,Ekwang,Cameroon,7:41,24,8:16
343,https://www.youtube.com/watch?v=_aoQ0jSWnL8,_aoQ0jSWnL8,ekwang-cm-343.Jpg,Ekwang,Cameroon,7:45,24,8:16
344,https://www.youtube.com/watch?v=_aoQ0jSWnL8,_aoQ0jSWnL8,ekwang-cm-344Jpg,Ekwang,Cameroon,7:47,24,8:16
345,https://www.youtube.com/watch?v=_aoQ0jSWnL8,_aoQ0jSWnL8,ekwang-cm-345Jpg,Ekwang,Cameroon,7:49,24,8:16
346,https://www.youtube.com/watch?v=_aoQ0jSWnL8,_aoQ0jSWnL8,ekwang-cm-346Jpg,Ekwang,Cameroon,7:59,24,8:16
347,https://www.youtube.com/watch?v=_aoQ0jSWnL8,_aoQ0jSWnL8,ekwang-cm-347Jpg,Ekwang,Cameroon,8:01,24,8:16
348,https://www.youtube.com/watch?v=_aoQ0jSWnL8,_aoQ0jSWnL8,ekwang-cm-348Jpg,Ekwang,Cameroon,8:01,24,8:16
349,https://www.youtube.com/watch?v=_aoQ0jSWnL8,_aoQ0jSWnL8,ekwang-cm-349Jpg,Ekwang,Cameroon,8:02,24,8:16
350,https://www.youtube.com/watch?v=_aoQ0jSWnL8,_aoQ0jSWnL8,ekwang-cm-350Jpg,Ekwang,Cameroon,8:04,24,8:16
351,https://www.youtube.com/watch?v=_aoQ0jSWnL8,_aoQ0jSWnL8,ekwang-cm-351Jpg,Ekwang,Cameroon,8:05,24,8:16
352,https://www.youtube.com/watch?v=_aoQ0jSWnL8,_aoQ0jSWnL8,ekwang-cm-352Jpg,Ekwang,Cameroon,8:08,24,8:16
353,https://www.youtube.com/watch?v=_aoQ0jSWnL8,_aoQ0jSWnL8,ekwang-cm-353Jpg,Ekwang,Cameroon,8:10,24,8:16
354,https://www.youtube.com/watch?v=_aoQ0jSWnL8,_aoQ0jSWnL8,ekwang-cm-354Jpg,Ekwang,Cameroon,8:12,24,8:16
355,https://www.youtube.com/watch?v=_aoQ0jSWnL8,_aoQ0jSWnL8,ekwang-cm-355Jpg,Ekwang,Cameroon,8:13,24,8:16
356,https://www.youtube.com/watch?v=_aoQ0jSWnL8,_aoQ0jSWnL8,ekwang-cm-356Jpg,Ekwang,Cameroon,8:14,24,8:16
357,https://www.youtube.com/watch?v=_aoQ0jSWnL8,_aoQ0jSWnL8,ekwang-cm-357Jpg,Ekwang,Cameroon,8:16,24,8:16
358,https://www.youtube.com/watch?v=TQNXZfRJEkQ,TQNXZfRJEkQ,ekwang-cm-358Jpg,Ekwang,Cameroon,0:01,25,20:37
359,https://www.youtube.com/watch?v=TQNXZfRJEkQ,TQNXZfRJEkQ,ekwang-cm-359Jpg,Ekwang,Cameroon,0:02,25,20:37
360,https://www.youtube.com/watch?v=TQNXZfRJEkQ,TQNXZfRJEkQ,ekwang-cm-360Jpg,Ekwang,Cameroon,0:03,25,20:37
361,https://www.youtube.com/watch?v=TQNXZfRJEkQ,TQNXZfRJEkQ,ekwang-cm-361Jpg,Ekwang,Cameroon,17:50,25,20:37
362,https://www.youtube.com/watch?v=TQNXZfRJEkQ,TQNXZfRJEkQ,ekwang-cm-362Jpg,Ekwang,Cameroon,17:55,25,20:37
363,https://www.youtube.com/watch?v=TQNXZfRJEkQ,TQNXZfRJEkQ,ekwang-cm-363Jpg,Ekwang,Cameroon,17:58,25,20:37
364,https://www.youtube.com/watch?v=TQNXZfRJEkQ,TQNXZfRJEkQ,ekwang-cm-364Jpg,Ekwang,Cameroon,17:59,25,20:37
365,https://www.youtube.com/watch?v=TQNXZfRJEkQ,TQNXZfRJEkQ,ekwang-cm-365Jpg,Ekwang,Cameroon,18:00,25,20:37
366,https://www.youtube.com/watch?v=TQNXZfRJEkQ,TQNXZfRJEkQ,ekwang-cm-366Jpg,Ekwang,Cameroon,18:02,25,20:37
367,https://www.youtube.com/watch?v=TQNXZfRJEkQ,TQNXZfRJEkQ,ekwang-cm-367Jpg,Ekwang,Cameroon,18:03,25,20:37
368,https://www.youtube.com/watch?v=TQNXZfRJEkQ,TQNXZfRJEkQ,ekwang-cm-368Jpg,Ekwang,Cameroon,18:04,25,20:37
369,https://www.youtube.com/watch?v=TQNXZfRJEkQ,TQNXZfRJEkQ,ekwang-cm-369Jpg,Ekwang,Cameroon,18:04,25,20:37
370,https://www.youtube.com/watch?v=TQNXZfRJEkQ,TQNXZfRJEkQ,ekwang-cm-370.jpg,Ekwang,Cameroon,18:05,25,20:37
371,https://www.youtube.com/watch?v=TQNXZfRJEkQ,TQNXZfRJEkQ,ekwang-cm-371.jpg,Ekwang,Cameroon,18:07,25,20:37
372,https://www.youtube.com/watch?v=TQNXZfRJEkQ,TQNXZfRJEkQ,ekwang-cm-372.jpg,Ekwang,Cameroon,18:08,25,20:37
373,https://www.youtube.com/watch?v=TQNXZfRJEkQ,TQNXZfRJEkQ,ekwang-cm-373.jpg,Ekwang,Cameroon,18:12,25,20:37
374,https://www.youtube.com/watch?v=TQNXZfRJEkQ,TQNXZfRJEkQ,ekwang-cm-374.jpg,Ekwang,Cameroon,18:14,25,20:37
375,https://www.youtube.com/watch?v=TQNXZfRJEkQ,TQNXZfRJEkQ,ekwang-cm-375.jpg,Ekwang,Cameroon,18:15,25,20:37
376,https://www.youtube.com/watch?v=TQNXZfRJEkQ,TQNXZfRJEkQ,ekwang-cm-376.jpg,Ekwang,Cameroon,18:25,25,20:37
377,https://www.youtube.com/watch?v=TQNXZfRJEkQ,TQNXZfRJEkQ,ekwang-cm-377.jpg,Ekwang,Cameroon,18:26,25,20:37
378,https://www.youtube.com/watch?v=TQNXZfRJEkQ,TQNXZfRJEkQ,ekwang-cm-378.jpg,Ekwang,Cameroon,18:28,25,20:37
379,https://www.youtube.com/watch?v=TQNXZfRJEkQ,TQNXZfRJEkQ,ekwang-cm-379.jpg,Ekwang,Cameroon,18:28,25,20:37
380,https://www.youtube.com/watch?v=TQNXZfRJEkQ,TQNXZfRJEkQ,ekwang-cm-380.jpg,Ekwang,Cameroon,18:29,25,20:37
381,https://www.youtube.com/watch?v=TQNXZfRJEkQ,TQNXZfRJEkQ,ekwang-cm-381.jpg,Ekwang,Cameroon,18:30,25,20:37
382,https://www.youtube.com/watch?v=TQNXZfRJEkQ,TQNXZfRJEkQ,ekwang-cm-382.jpg,Ekwang,Cameroon,18:31,25,20:37
383,https://www.youtube.com/watch?v=TQNXZfRJEkQ,TQNXZfRJEkQ,ekwang-cm-383.jpg,Ekwang,Cameroon,18:32,25,20:37
384,https://www.youtube.com/watch?v=TQNXZfRJEkQ,TQNXZfRJEkQ,ekwang-cm-384.jpg,Ekwang,Cameroon,18:34,25,20:37
385,https://www.youtube.com/watch?v=TQNXZfRJEkQ,TQNXZfRJEkQ,ekwang-cm-385.jpg,Ekwang,Cameroon,18:35,25,20:37
386,https://www.youtube.com/watch?v=TQNXZfRJEkQ,TQNXZfRJEkQ,ekwang-cm-386.jpg,Ekwang,Cameroon,18:36,25,20:37
387,https://www.youtube.com/watch?v=TQNXZfRJEkQ,TQNXZfRJEkQ,ekwang-cm-387.jpg,Ekwang,Cameroon,18:38,25,20:37
388,https://www.youtube.com/watch?v=TQNXZfRJEkQ,TQNXZfRJEkQ,ekwang-cm-388.jpg,Ekwang,Cameroon,18:41,25,20:37
389,https://www.youtube.com/watch?v=TQNXZfRJEkQ,TQNXZfRJEkQ,ekwang-cm-389.jpg,Ekwang,Cameroon,18:42,25,20:37
390,https://www.youtube.com/watch?v=TQNXZfRJEkQ,TQNXZfRJEkQ,ekwang-cm-390.jpg,Ekwang,Cameroon,18:43,25,20:37
391,https://www.youtube.com/watch?v=TQNXZfRJEkQ,TQNXZfRJEkQ,ekwang-cm-391.jpg,Ekwang,Cameroon,18:45,25,20:37
392,https://www.youtube.com/watch?v=TQNXZfRJEkQ,TQNXZfRJEkQ,ekwang-cm-392.jpg,Ekwang,Cameroon,18:46,25,20:37
393,https://www.youtube.com/watch?v=TQNXZfRJEkQ,TQNXZfRJEkQ,ekwang-cm-393.jpg,Ekwang,Cameroon,18:47,25,20:37
394,https://www.youtube.com/watch?v=TQNXZfRJEkQ,TQNXZfRJEkQ,ekwang-cm-394.jpg,Ekwang,Cameroon,18:49,25,20:37
395,https://www.youtube.com/watch?v=TQNXZfRJEkQ,TQNXZfRJEkQ,ekwang-cm-395.jpg,Ekwang,Cameroon,18:50,25,20:37
396,https://www.youtube.com/watch?v=TQNXZfRJEkQ,TQNXZfRJEkQ,ekwang-cm-396.jpg,Ekwang,Cameroon,18:54,25,20:37
397,https://www.youtube.com/watch?v=9qZI1TluVsc,9qZI1TluVsc,ekwang-cm-397.jpg,Ekwang,Cameroon,0:03,26,7:07
398,https://www.youtube.com/watch?v=9qZI1TluVsc,9qZI1TluVsc,ekwang-cm-398.jpg,Ekwang,Cameroon,0:06,26,7:07
399,https://www.youtube.com/watch?v=9qZI1TluVsc,9qZI1TluVsc,ekwang-cm-399.jpg,Ekwang,Cameroon,0:13,26,7:07
400,https://www.youtube.com/watch?v=9qZI1TluVsc,9qZI1TluVsc,ekwang-cm-400.jpg,Ekwang,Cameroon,0:19,26,7:07
401,https://www.youtube.com/watch?v=9qZI1TluVsc,9qZI1TluVsc,ekwang-cm-401.jpg,Ekwang,Cameroon,5:44,26,7:07
402,https://www.youtube.com/watch?v=9qZI1TluVsc,9qZI1TluVsc,ekwang-cm-402.jpg,Ekwang,Cameroon,5:46,26,7:07
403,https://www.youtube.com/watch?v=9qZI1TluVsc,9qZI1TluVsc,ekwang-cm-403.jpg,Ekwang,Cameroon,5:48,26,7:07